observation_date,NROUST
1949-01-01,5.2550525669999999
1949-04-01,5.2615156169999997
1949-07-01,5.2680129999999998
1949-10-01,5.2745639999999998
1950-01-01,5.2811820000000003
1950-04-01,5.2878660000000002
1950-07-01,5.2946039999999996
1950-10-01,5.3013669999999999
1951-01-01,5.3081129999999996
1951-04-01,5.3147890000000002
1951-07-01,5.3213334080000001
1951-10-01,5.3276824950000004
1952-01-01,5.3337740000000000
1952-04-01,5.3395550000000007
1952-07-01,5.3449854849999996
1952-10-01,5.3500404360000005
1953-01-01,5.3547129999999994
1953-04-01,5.3590116500000002
1953-07-01,5.3629579999999999
1953-10-01,5.3665823939999999
1954-01-01,5.3699219999999999
1954-04-01,5.3730144500000003
1954-07-01,5.3759020000000000
1954-10-01,5.3786239999999994
1955-01-01,5.3812199999999999
1955-04-01,5.3837250000000001
1955-07-01,5.3861710000000000
1955-10-01,5.3885860000000001
1956-01-01,5.3909964559999999
1956-04-01,5.3934300000000004
1956-07-01,5.3959169999999999
1956-10-01,5.3984930000000002
1957-01-01,5.4011983870000009
1957-04-01,5.4040803909999999
1957-07-01,5.4071846010000000
1957-10-01,5.4105580000000000
1958-01-01,5.4142403600000000
1958-04-01,5.4182660000000000
1958-07-01,5.4226584430000004
1958-10-01,5.4274290000000001
1959-01-01,5.4325766560000002
1959-04-01,5.4380855559999999
1959-07-01,5.4439269999999995
1959-10-01,5.4500640000000002
1960-01-01,5.4564523700000001
1960-04-01,5.4630510000000001
1960-07-01,5.4698295589999999
1960-10-01,5.4767700000000001
1961-01-01,5.4838750000000003
1961-04-01,5.4911650000000005
1961-07-01,5.4986753460000006
1961-10-01,5.5064554210000001
1962-01-01,5.5145589999999993
1962-04-01,5.5230420000000002
1962-07-01,5.5319504739999994
1962-10-01,5.5413239999999995
1963-01-01,5.5511879999999998
1963-04-01,5.5615519999999998
1963-07-01,5.5724109999999998
1963-10-01,5.5837473870000007
1964-01-01,5.5955276490000001
1964-04-01,5.6077059999999994
1964-07-01,5.6202225690000001
1964-10-01,5.6330070000000001
1965-01-01,5.6459769999999994
1965-04-01,5.6590440000000006
1965-07-01,5.6721159999999999
1965-10-01,5.6851050000000001
1966-01-01,5.6979300000000004
1966-04-01,5.7105290000000002
1966-07-01,5.7228610000000000
1966-10-01,5.7349150000000000
1967-01-01,5.7467040000000003
1967-04-01,5.7582700000000004
1967-07-01,5.7696719999999999
1967-10-01,5.7809839999999992
1968-01-01,5.7922859999999998
1968-04-01,5.8036584849999997
1968-07-01,5.8151755329999997
1968-10-01,5.8269050000000000
1969-01-01,5.8389009999999999
1969-04-01,5.8512096410000005
1969-07-01,5.8638639999999995
1969-10-01,5.8768880000000001
1970-01-01,5.8902983670000006
1970-04-01,5.9040999999999997
1970-07-01,5.9182920000000001
1970-10-01,5.9328609999999999
1971-01-01,5.9477820000000001
1971-04-01,5.9630160000000005
1971-07-01,5.9785056110000001
1971-10-01,5.9941769999999996
1972-01-01,6.0099400000000003
1972-04-01,6.0256905559999998
1972-07-01,6.0413169999999994
1972-10-01,6.0567060000000001
1973-01-01,6.0717453959999999
1973-04-01,6.0863350000000001
1973-07-01,6.1003866200000001
1973-10-01,6.1138305659999999
1974-01-01,6.1266164779999999
1974-04-01,6.1387150000000004
1974-07-01,6.1501145360000002
1974-10-01,6.1608195300000004
1975-01-01,6.1708440000000007
1975-04-01,6.1802089999999996
1975-07-01,6.1889339999999997
1975-10-01,6.1970324520000002
1976-01-01,6.2045089999999998
1976-04-01,6.2113580000000006
1976-07-01,6.2175630000000002
1976-10-01,6.2230989999999995
1977-01-01,6.2279309999999999
1977-04-01,6.2320165629999993
1977-07-01,6.2353090000000000
1977-10-01,6.2377570000000002
1978-01-01,6.2393109999999998
1978-04-01,6.2399269999999998
1978-07-01,6.2395744320000004
1978-10-01,6.2382345199999998
1979-01-01,6.2359094620000004
1979-04-01,6.2326169999999994
1979-07-01,6.2283935550000002
1979-10-01,6.2232900000000004
1980-01-01,6.2173705100000003
1980-04-01,6.2107089999999996
1980-07-01,6.2033879999999995
1980-10-01,6.1954956049999996
1981-01-01,6.1871230000000006
1981-04-01,6.1783614160000004
1981-07-01,6.1693024639999994
1981-10-01,6.1600310000000000
1982-01-01,6.1506270000000001
1982-04-01,6.1411595339999998
1982-07-01,6.1316870000000003
1982-10-01,6.1222539999999999
1983-01-01,6.1128890000000000
1983-04-01,6.1036060000000001
1983-07-01,6.0944004060000001
1983-10-01,6.0852539999999999
1984-01-01,6.0761310000000002
1984-04-01,6.0669820000000003
1984-07-01,6.0577610000000002
1984-10-01,6.0484213829999991
1985-01-01,6.0389029999999995
1985-04-01,6.0291395190000001
1985-07-01,6.0190570000000001
1985-10-01,6.0085780000000000
1986-01-01,5.9976219999999998
1986-04-01,5.9861100000000000
1986-07-01,5.9739675520000004
1986-10-01,5.9611253739999999
1987-01-01,5.9475255010000003
1987-04-01,5.9331254960000006
1987-07-01,5.9179015160000006
1987-10-01,5.9018550000000003
1988-01-01,5.8850150000000001
1988-04-01,5.8674400000000002
1988-07-01,5.8492169999999994
1988-10-01,5.8304524420000003
1989-01-01,5.8112673760000000
1989-04-01,5.7917870000000002
1989-07-01,5.7721349999999996
1989-10-01,5.7524285320000006
1990-01-01,5.7327650000000006
1990-04-01,5.7132306100000001
1990-07-01,5.6939024929999995
1990-10-01,5.6748514179999994
1991-01-01,5.6561455729999999
1991-04-01,5.6378379999999995
1991-07-01,5.6199610000000000
1991-10-01,5.6025339999999995
1992-01-01,5.5855765339999994
1992-04-01,5.5690839999999993
1992-07-01,5.5530589999999993
1992-10-01,5.5375110000000003
1993-01-01,5.5224549999999999
1993-04-01,5.5079045300000002
1993-07-01,5.4938645360000002
1993-10-01,5.4803414339999996
1994-01-01,5.4673385620000001
1994-04-01,5.4548449999999997
1994-07-01,5.4428380000000001
1994-10-01,5.4312910000000008
1995-01-01,5.4201720000000000
1995-04-01,5.4094514849999999
1995-07-01,5.3990910000000003
1995-10-01,5.3890500000000001
1996-01-01,5.3792759999999999
1996-04-01,5.3697094920000001
1996-07-01,5.3602924349999999
1996-10-01,5.3509736060000002
1997-01-01,5.3416959999999998
1997-04-01,5.3324093819999998
1997-07-01,5.3230805400000003
1997-10-01,5.3136900000000002
1998-01-01,5.3042220000000002
1998-04-01,5.2946640000000000
1998-07-01,5.2850010000000003
1998-10-01,5.2752330000000001
1999-01-01,5.2653629999999998
1999-04-01,5.2553944589999997
1999-07-01,5.2453336720000001
1999-10-01,5.2351846689999997
2000-01-01,5.2249480000000004
2000-04-01,5.2146220000000003
2000-07-01,5.2042109999999999
2000-10-01,5.1937309999999997
2001-01-01,5.1831965450000004
2001-04-01,5.1726136210000000
2001-07-01,5.1619830000000002
2001-10-01,5.1513130000000000
2002-01-01,5.1406154630000005
2002-04-01,5.1299049999999999
2002-07-01,5.1192089999999997
2002-10-01,5.1085615160000000
2003-01-01,5.0979900000000002
2003-04-01,5.0875250000000003
2003-07-01,5.0772019999999998
2003-10-01,5.0670585629999998
2004-01-01,5.0571260000000002
2004-04-01,5.0474324230000001
2004-07-01,5.0380080000000005
2004-10-01,5.0288786889999999
2005-01-01,5.0200760000000004
2005-04-01,5.0116370000000003
2005-07-01,5.0036544799999998
2005-10-01,4.9967167760000004
2006-01-01,4.9870167370000003
2006-04-01,4.9767344759999999
2006-07-01,4.9660111579999997
2006-10-01,4.9550400799999998
2007-01-01,4.9440469800000004
2007-04-01,4.9332685789999999
2007-07-01,4.9229251390000002
2007-10-01,4.9131943250000001
2008-01-01,4.9120833789999994
2008-04-01,4.9601141090000000
2008-07-01,4.9904793359999999
2008-10-01,5.1046015420000002
2009-01-01,5.2122924180000005
2009-04-01,5.2831149379999998
2009-07-01,5.3952471220000007
2009-10-01,5.5038992020000004
2010-01-01,5.6480510590000002
2010-04-01,5.6902888159999998
2010-07-01,5.7269673420000009
2010-10-01,5.7709418810000006
2011-01-01,5.8043440379999991
2011-04-01,5.8225889229999996
2011-07-01,5.8306052610000005
2011-10-01,5.8472033479999999
2012-01-01,5.8150092259999999
2012-04-01,5.7812624439999993
2012-07-01,5.7124114060000002
2012-10-01,5.6560549510000007
2013-01-01,5.5168966620000006
2013-04-01,5.3705869439999994
2013-07-01,5.2659870020000001
2013-10-01,5.1509943539999998
2014-01-01,5.0451102529999998
2014-04-01,4.9566196869999999
2014-07-01,4.8877573830000003
2014-10-01,4.8388872310000002
2015-01-01,4.8103944189999996
2015-04-01,4.7826867520000000
2015-07-01,4.7561950610000006
2015-10-01,4.7313720000000004
2016-01-01,4.7086910000000000
2016-04-01,4.6886380000000001
2016-07-01,4.6713230000000001
2016-10-01,4.6565980000000007
2017-01-01,4.6441629999999998
2017-04-01,4.6336300000000001
2017-07-01,4.6245810000000001
2017-10-01,4.6165980000000006
2018-01-01,4.6092889999999995
2018-04-01,4.6023040000000002
2018-07-01,4.5953520000000001
2018-10-01,4.5882139999999998
2019-01-01,4.5591070000000000
2019-04-01,4.5480720000000003
2019-07-01,4.5365180000000001
2019-10-01,4.5246820000000003
2020-01-01,4.5128760000000003
2020-04-01,4.5014349999999999
2020-07-01,4.4906579999999998
2020-10-01,4.4807559999999995
2021-01-01,4.4718330000000002
2021-04-01,4.4638919999999995
2021-07-01,4.4568650000000005
2021-10-01,4.4506510000000006
2022-01-01,4.4451369999999999
2022-04-01,4.4402140000000001
2022-07-01,4.4357839999999999
2022-10-01,4.4317599999999997
2023-01-01,4.4280640000000000
2023-04-01,4.4246290000000004
2023-07-01,4.4213969999999998
2023-10-01,4.4183170000000000
2024-01-01,4.4153480000000007
2024-04-01,4.4124499999999998
2024-07-01,4.4095870000000001
2024-10-01,4.4067239999999996
2025-01-01,4.4038240000000002
2025-04-01,4.4008539999999998
2025-07-01,4.3977789999999999
2025-10-01,4.3945710000000000
2026-01-01,4.3912030000000000
2026-04-01,4.3876520000000001
2026-07-01,4.3839009999999998
2026-10-01,4.3799359999999998
2027-01-01,4.3757449999999993
2027-04-01,4.3713259999999998
2027-07-01,4.3666820000000000
2027-10-01,4.3618249999999996
2028-01-01,4.3567749999999998
2028-04-01,4.3515540000000001
2028-07-01,4.3461900000000000
2028-10-01,4.3407070000000001
2029-01-01,4.3351300000000004
2029-04-01,4.3294800000000002
2029-07-01,4.3237730000000001
2029-10-01,4.3180280000000000
2030-01-01,4.3122610000000003
2030-04-01,4.3064860000000005
2030-07-01,4.3007210000000002
2030-10-01,4.2949820000000001
2031-01-01,4.2892820000000000
2031-04-01,4.2836300000000005
2031-07-01,4.2780290000000001
2031-10-01,4.2724699999999993
